slug,title
fear-and-anxiety,Fear & Anxiety
rejection-and-abandonment,Rejection & Abandonment
shame-and-guilt,Shame & Guilt
unforgiveness-and-bitterness,Unforgiveness & Bitterness
fear-of-failure-and-control,Fear of Failure & Control
perfectionism-and-performance,Perfectionism & Performance
identity-and-worth,Identity & Worth
abandonment-and-loneliness,Abandonment & Loneliness
betrayal-and-broken-trust,Betrayal & Broken Trust
grief-and-loss,Grief & Loss
self-sabotage-and-doubt,Self‑Sabotage & Doubt
anger-and-resentment,Anger & Resentment
fear-of-rejection-and-people-pleasing,Fear of Rejection & People‑Pleasing
financial-fear-and-scarcity,Financial Fear & Scarcity
hopelessness-and-despair,Hopelessness & Despair
